dictionary	section	bytes
ipadic	META	431
ipadic	CHAR_BLOCKS	8704
ipadic	CHAR_TABLES	47616
ipadic	TRIE_NODES	3397560
ipadic	TRIE_TAILS	689954
ipadic	ENTRIES	2345094
ipadic	FEATURE_OFFSETS	1563396
ipadic	FEATURES	4966165
ipadic	POS_STRINGS	1941
ipadic	CONJ_TYPE_STRINGS	1141
ipadic	CONJ_FORM_STRINGS	497
ipadic	MATRIX	3463720
ipadic	CHAR_CATEGORIES	176
ipadic	CHAR_RANGES	1408
ipadic	UNK_BUCKETS	72
ipadic	UNK_TEMPLATES	360
ipadic	CATEGORY_NAMES	128
ipadic	GRAMMAR	4002
ipadic-neologd	META	691
ipadic-neologd	CHAR_BLOCKS	8704
ipadic-neologd	CHAR_TABLES	92672
ipadic-neologd	TRIE_NODES	50853872
ipadic-neologd	TRIE_TAILS	31810719
ipadic-neologd	ENTRIES	27942186
ipadic-neologd	FEATURE_OFFSETS	18628124
ipadic-neologd	FEATURES	73758831
ipadic-neologd	POS_STRINGS	1941
ipadic-neologd	CONJ_TYPE_STRINGS	1141
ipadic-neologd	CONJ_FORM_STRINGS	497
ipadic-neologd	MATRIX	3463720
ipadic-neologd	CHAR_CATEGORIES	176
ipadic-neologd	CHAR_RANGES	1408
ipadic-neologd	UNK_BUCKETS	72
ipadic-neologd	UNK_TEMPLATES	360
ipadic-neologd	CATEGORY_NAMES	128
ipadic-neologd	GRAMMAR	4014
ipadic-neologd-sudachi	META	753
ipadic-neologd-sudachi	CHAR_BLOCKS	8704
ipadic-neologd-sudachi	CHAR_TABLES	94720
ipadic-neologd-sudachi	TRIE_NODES	54809896
ipadic-neologd-sudachi	TRIE_TAILS	32786522
ipadic-neologd-sudachi	ENTRIES	30342348
ipadic-neologd-sudachi	FEATURE_OFFSETS	20228232
ipadic-neologd-sudachi	FEATURES	79229246
ipadic-neologd-sudachi	POS_STRINGS	1941
ipadic-neologd-sudachi	CONJ_TYPE_STRINGS	1141
ipadic-neologd-sudachi	CONJ_FORM_STRINGS	497
ipadic-neologd-sudachi	MATRIX	3463720
ipadic-neologd-sudachi	CHAR_CATEGORIES	176
ipadic-neologd-sudachi	CHAR_RANGES	1408
ipadic-neologd-sudachi	UNK_BUCKETS	72
ipadic-neologd-sudachi	UNK_TEMPLATES	360
ipadic-neologd-sudachi	CATEGORY_NAMES	128
ipadic-neologd-sudachi	GRAMMAR	4014
