# 一般語を固有名詞として登録したエントリの削除リスト (表層形,読み,品詞)
#
# NEologd は一般語を「名詞,固有名詞,一般」や人名で登録していることがある。固有名詞を具体性の
# 手掛かりに数える文章の Linter (noslop) では、抽象的な文が具体的に見えてしまう。
# 「一般名詞 + 接尾辞」に分かれる語 (成果物・多角的・可視化 等) は repair --demote-common-proper-nouns が
# 品詞を直すので、ここにはその規則に当たらない語を書き、一般名詞のエントリは
# dict/user/common-word-fixes.csv で足す。3 列目で固有名詞に限っているので、同じ表層形・読みの
# 一般名詞のエントリは消えない

# 名詞,固有名詞,一般。コストが -604 と低く、IPAdic の「ステーク」+「ホルダー」にも勝つ
ステークホルダー,ステークホルダー,"名詞,固有名詞"
# 名詞,固有名詞,一般 のほかに、原形が「ANGAGEMENT」「Youth case」の人名のエントリがあり、
# 文中ではこちらが選ばれる
エンゲージメント,エンゲージメント,"名詞,固有名詞"
ユースケース,ユースケース,"名詞,固有名詞"
# 名詞,固有名詞,一般。IPAdic には無い語 (未知語になる)
爆速,バクソク,"名詞,固有名詞"
