# 外国人名の削除候補から外して残す日本人名 (表層形,読み,品詞接頭辞)
#
# scripts/find_foreign_names.py の規則は Unihan の字音と読みを照合して候補を挙げるだけで、
# 日本人名・沖縄やアイヌの姓・当て字の名を取り違えることがある。人手で確かめて日本人名と
# 判断したものをここに書く。読みの旧仮名 (ヲ・ヱ) と大書きの拗音 (ジヨウ) は区別しない。

# ---- 1 文字姓の音読み: 日本の姓として使われているもの
# 実在する日本人のフルネーム (姓 + 訓読みの名) を確かめたもの
伴,バン,"名詞,固有名詞,人名,姓"
奥,オク,"名詞,固有名詞,人名,姓"
奧,オク,"名詞,固有名詞,人名,姓"
城,ジョウ,"名詞,固有名詞,人名,姓"
菅,カン,"名詞,固有名詞,人名,姓"
今,コン,"名詞,固有名詞,人名,姓"
宗,ソウ,"名詞,固有名詞,人名,姓"
神,ジン,"名詞,固有名詞,人名,姓"
郷,ゴウ,"名詞,固有名詞,人名,姓"
長,チョウ,"名詞,固有名詞,人名,姓"
丹,タン,"名詞,固有名詞,人名,姓"
京,キョウ,"名詞,固有名詞,人名,姓"
団,ダン,"名詞,固有名詞,人名,姓"
團,ダン,"名詞,固有名詞,人名,姓"
檀,ダン,"名詞,固有名詞,人名,姓"
壇,ダン,"名詞,固有名詞,人名,姓"
昆,コン,"名詞,固有名詞,人名,姓"
紺,コン,"名詞,固有名詞,人名,姓"
金,コン,"名詞,固有名詞,人名,姓"
千,セン,"名詞,固有名詞,人名,姓"
斎,サイ,"名詞,固有名詞,人名,姓"
齋,サイ,"名詞,固有名詞,人名,姓"
斉,サイ,"名詞,固有名詞,人名,姓"
新,シン,"名詞,固有名詞,人名,姓"
進,シン,"名詞,固有名詞,人名,姓"
清,セイ,"名詞,固有名詞,人名,姓"
傳,デン,"名詞,固有名詞,人名,姓"
堂,ドウ,"名詞,固有名詞,人名,姓"
彩,サイ,"名詞,固有名詞,人名,姓"
余,ヨ,"名詞,固有名詞,人名,姓"
栽,サイ,"名詞,固有名詞,人名,姓"
琉,リュウ,"名詞,固有名詞,人名,姓"
臺,ダイ,"名詞,固有名詞,人名,姓"
藩,ハン,"名詞,固有名詞,人名,姓"
阪,バン,"名詞,固有名詞,人名,姓"
鳫,ガン,"名詞,固有名詞,人名,姓"
# 名が音読みのため、フルネームからは日本の姓と判断できなかったもの
# 笠智衆、頼山陽、紀貫之、宅孝二、坂茂
笠,リュウ,"名詞,固有名詞,人名,姓"
頼,ライ,"名詞,固有名詞,人名,姓"
紀,キ,"名詞,固有名詞,人名,姓"
宅,タク,"名詞,固有名詞,人名,姓"
坂,バン,"名詞,固有名詞,人名,姓"
# 琉球王家、東常縁の東氏、僧の姓
尚,ショウ,"名詞,固有名詞,人名,姓"
東,トウ,"名詞,固有名詞,人名,姓"
釈,シャク,"名詞,固有名詞,人名,姓"
釋,シャク,"名詞,固有名詞,人名,姓"
莊,ショウ,"名詞,固有名詞,人名,姓"

# ---- 朝鮮語・普通話の字音とも一致する当て字の名
南希,ナミ,"名詞,固有名詞,人名,名"
有李,ユイ,"名詞,固有名詞,人名,名"
有祐,ユウ,"名詞,固有名詞,人名,名"
柚李,ユイ,"名詞,固有名詞,人名,名"
美柳奈,ミユナ,"名詞,固有名詞,人名,名"
達摩,ダルマ,"名詞,固有名詞,人名,名"
優純,ユズ,"名詞,固有名詞,人名,名"
月那,ルナ,"名詞,固有名詞,人名,名"
朱理,ジュリ,"名詞,固有名詞,人名,名"
朱里,ジュリ,"名詞,固有名詞,人名,名"
綾伽,リンカ,"名詞,固有名詞,人名,名"
綾納,リンナ,"名詞,固有名詞,人名,名"
綾那,リンナ,"名詞,固有名詞,人名,名"
麻綾,マリン,"名詞,固有名詞,人名,名"
郁理,ユリ,"名詞,固有名詞,人名,名"
郁里,ユリ,"名詞,固有名詞,人名,名"
里藍,リラ,"名詞,固有名詞,人名,名"
# 雫は日本の国字なので、雫を含む名は日本人名
利里雫,リリナ,"名詞,固有名詞,人名,名"
幹雫,カンナ,"名詞,固有名詞,人名,名"
李雫,リナ,"名詞,固有名詞,人名,名"
柚子雫,ユズナ,"名詞,固有名詞,人名,名"
栞雫,カンナ,"名詞,固有名詞,人名,名"
綸雫,カンナ,"名詞,固有名詞,人名,名"
綾雫,リンナ,"名詞,固有名詞,人名,名"
莉雫,リナ,"名詞,固有名詞,人名,名"
連雫,レンナ,"名詞,固有名詞,人名,名"

# ---- カタカナ表記の日本人名 (漢字表記の人名に同じ読みが無いもの)
キグレ,キグレ,"名詞,固有名詞,人名,姓"
キモハラ,キモハラ,"名詞,固有名詞,人名,姓"
タケウチノ,タケウチノ,"名詞,固有名詞,人名,姓"
ハラカミ,ハラカミ,"名詞,固有名詞,人名,姓"
フグタ,フグタ,"名詞,固有名詞,人名,姓"
オチタ,オチタ,"名詞,固有名詞,人名,姓"
アキュタガアワ,アキュタガアワ,"名詞,固有名詞,人名,姓"
アキユタガアワ,アキユタガアワ,"名詞,固有名詞,人名,姓"
アカネノスケ,アカネノスケ,"名詞,固有名詞,人名,名"
アチャコ,アチャコ,"名詞,固有名詞,人名,名"
アラレ,アラレ,"名詞,固有名詞,人名,名"
イタコ,イタコ,"名詞,固有名詞,人名,名"
オウメ,オウメ,"名詞,固有名詞,人名,名"
オタキ,オタキ,"名詞,固有名詞,人名,名"
オミヨ,オミヨ,"名詞,固有名詞,人名,名"
カカシ,カカシ,"名詞,固有名詞,人名,名"
カスベエ,カスベエ,"名詞,固有名詞,人名,名"
クズコ,クズコ,"名詞,固有名詞,人名,名"
コタカ,コタカ,"名詞,固有名詞,人名,名"
コネコ,コネコ,"名詞,固有名詞,人名,名"
シカマル,シカマル,"名詞,固有名詞,人名,名"
スガオ,スガオ,"名詞,固有名詞,人名,名"
スネオ,スネオ,"名詞,固有名詞,人名,名"
セワシ,セワシ,"名詞,固有名詞,人名,名"
タコスケ,タコスケ,"名詞,固有名詞,人名,名"
タヌコ,タヌコ,"名詞,固有名詞,人名,名"
タラオ,タラオ,"名詞,固有名詞,人名,名"
ダイマル,ダイマル,"名詞,固有名詞,人名,名"
ナオコーラ,ナオコーラ,"名詞,固有名詞,人名,名"
ノリヘイ,ノリヘイ,"名詞,固有名詞,人名,名"
ハチゴロウ,ハチゴロウ,"名詞,固有名詞,人名,名"
ハチゴロー,ハチゴロー,"名詞,固有名詞,人名,名"
ピロコ,ピロコ,"名詞,固有名詞,人名,名"
ミミヨ,ミミヨ,"名詞,固有名詞,人名,名"
モチコ,モチコ,"名詞,固有名詞,人名,名"
モミイチ,モミイチ,"名詞,固有名詞,人名,名"
ヨエコ,ヨエコ,"名詞,固有名詞,人名,名"
ラヂヲ,ラヂヲ,"名詞,固有名詞,人名,名"
フジオカ,フジオカ,"名詞,固有名詞,人名,名"
フミエダ,フミエダ,"名詞,固有名詞,人名,名"
マルアキ,マルアキ,"名詞,固有名詞,人名,名"
メアリージュン,メアリージュン,"名詞,固有名詞,人名,名"
カールスモーキー,カールスモーキー,"名詞,固有名詞,人名,名"
